DeathSexSexDesc,DeathCOD113ICDCode113Desc,Deaths,DeathAgeAdjustedRate11,SORT
Female,Salmonella infections (A01-A02),1,N/A,0
Male,Salmonella infections (A01-A02),1,N/A,3
Unknown,Salmonella infections (A01-A02),0,N/A,6
Total,Salmonella infections (A01-A02),2,N/A,9
Female,Shigellosis and amebiasis (A03A06),1,N/A,12
Male,Shigellosis and amebiasis (A03A06),0,N/A,15
Unknown,Shigellosis and amebiasis (A03A06),0,N/A,18
Total,Shigellosis and amebiasis (A03A06),1,N/A,21
Female,Certain other intestinal infections (A04A07-A09),150,1.7,24
Male,Certain other intestinal infections (A04A07-A09),93,1.4,27
Unknown,Certain other intestinal infections (A04A07-A09),0,N/A,30
Total,Certain other intestinal infections (A04A07-A09),243,1.6,33
Female,Respiratory tuberculosis (A16),4,N/A,36
Male,Respiratory tuberculosis (A16),4,N/A,39
Unknown,Respiratory tuberculosis (A16),0,N/A,42
Total,Respiratory tuberculosis (A16),8,N/A,45
Female,Other tuberculosis (A17-A19),1,N/A,48
Male,Other tuberculosis (A17-A19),5,N/A,51
Unknown,Other tuberculosis (A17-A19),0,N/A,54
Total,Other tuberculosis (A17-A19),6,N/A,57
Female,Whooping cough (A37),0,N/A,60
Male,Whooping cough (A37),1,N/A,63
Unknown,Whooping cough (A37),0,N/A,66
Total,Whooping cough (A37),1,N/A,69
Female,Scarlet fever and erysipelas (A38A46),0,N/A,72
Male,Scarlet fever and erysipelas (A38A46),0,N/A,75
Unknown,Scarlet fever and erysipelas (A38A46),0,N/A,78
Total,Scarlet fever and erysipelas (A38A46),0,N/A,81
Female,Meningococcal infection (A39),0,N/A,84
Male,Meningococcal infection (A39),1,N/A,87
Unknown,Meningococcal infection (A39),0,N/A,90
Total,Meningococcal infection (A39),1,N/A,93
Female,Septicemia (A40-A41),986,11.4,96
Male,Septicemia (A40-A41),862,13.1,99
Unknown,Septicemia (A40-A41),0,N/A,102
Total,Septicemia (A40-A41),1848,12.1,105
Female,Syphilis ((A50-A53),0,N/A,108
Male,Syphilis ((A50-A53),1,N/A,111
Unknown,Syphilis ((A50-A53),0,N/A,114
Total,Syphilis ((A50-A53),1,N/A,117
Female,Acute poliomyelitis (A80),0,N/A,120
Male,Acute poliomyelitis (A80),0,N/A,123
Unknown,Acute poliomyelitis (A80),0,N/A,126
Total,Acute poliomyelitis (A80),0,N/A,129
Female,Arthropod-borne viral encephalitis (A83-A84A85.2),0,N/A,132
Male,Arthropod-borne viral encephalitis (A83-A84A85.2),0,N/A,135
Unknown,Arthropod-borne viral encephalitis (A83-A84A85.2),0,N/A,138
Total,Arthropod-borne viral encephalitis (A83-A84A85.2),0,N/A,141
Female,Viral hepatitis (B15-B19),28,0.4,144
Male,Viral hepatitis (B15-B19),67,0.9,147
Unknown,Viral hepatitis (B15-B19),0,N/A,150
Total,Viral hepatitis (B15-B19),95,0.6,153
Female,Human immunodeficiency virus (HIV) disease (B20-B24),17,0.3,156
Male,Human immunodeficiency virus (HIV) disease (B20-B24),69,1.1,159
Unknown,Human immunodeficiency virus (HIV) disease (B20-B24),0,N/A,162
Total,Human immunodeficiency virus (HIV) disease (B20-B24),86,0.7,165
Female,Malaria (B50-B54),0,N/A,168
Male,Malaria (B50-B54),0,N/A,171
Unknown,Malaria (B50-B54),0,N/A,174
Total,Malaria (B50-B54),0,N/A,177
Female,Other and unspecified infectious and parasitic diseases and their sequelae (A00A05A20-A36A42-A44A48-A49A54-A79A81-A82A85.0-A85.1A85.8A86-B04B06-B09B25-B49B55-B99),163,2.0,180
Male,Other and unspecified infectious and parasitic diseases and their sequelae (A00A05A20-A36A42-A44A48-A49A54-A79A81-A82A85.0-A85.1A85.8A86-B04B06-B09B25-B49B55-B99),199,3.1,183
Unknown,Other and unspecified infectious and parasitic diseases and their sequelae (A00A05A20-A36A42-A44A48-A49A54-A79A81-A82A85.0-A85.1A85.8A86-B04B06-B09B25-B49B55-B99),0,N/A,186
Total,Other and unspecified infectious and parasitic diseases and their sequelae (A00A05A20-A36A42-A44A48-A49A54-A79A81-A82A85.0-A85.1A85.8A86-B04B06-B09B25-B49B55-B99),362,2.5,189
Female,Malignant neoplasms of lip oral cavity and pharynx (C00-C14),127,1.5,192
Male,Malignant neoplasms of lip oral cavity and pharynx (C00-C14),320,4.4,195
Unknown,Malignant neoplasms of lip oral cavity and pharynx (C00-C14),0,N/A,198
Total,Malignant neoplasms of lip oral cavity and pharynx (C00-C14),447,2.8,201
Female,Malignant neoplasm of esophagus (C15),103,1.2,204
Male,Malignant neoplasm of esophagus (C15),512,7.1,207
Unknown,Malignant neoplasm of esophagus (C15),0,N/A,210
Total,Malignant neoplasm of esophagus (C15),615,3.9,213
Female,Malignant neoplasm of stomach (C16),143,1.7,216
Male,Malignant neoplasm of stomach (C16),179,2.6,219
Unknown,Malignant neoplasm of stomach (C16),0,N/A,222
Total,Malignant neoplasm of stomach (C16),322,2.1,225
Female,Malignant neoplasms of colon rectum and anus (C18-C21),926,10.9,228
Male,Malignant neoplasms of colon rectum and anus (C18-C21),1024,15.2,231
Unknown,Malignant neoplasms of colon rectum and anus (C18-C21),0,N/A,234
Total,Malignant neoplasms of colon rectum and anus (C18-C21),1950,12.8,237
Female,Malignant neoplasms of liver and intrahepatic bile ducts (C22),309,3.6,240
Male,Malignant neoplasms of liver and intrahepatic bile ducts (C22),574,7.8,243
Unknown,Malignant neoplasms of liver and intrahepatic bile ducts (C22),0,N/A,246
Total,Malignant neoplasms of liver and intrahepatic bile ducts (C22),883,5.5,249
Female,Malignant neoplasm of pancreas (C25),809,9.3,252
Male,Malignant neoplasm of pancreas (C25),882,12.6,255
Unknown,Malignant neoplasm of pancreas (C25),0,N/A,258
Total,Malignant neoplasm of pancreas (C25),1691,10.8,261
Female,Malignant neoplasm of larynx (C32),33,0.4,264
Male,Malignant neoplasm of larynx (C32),130,1.8,267
Unknown,Malignant neoplasm of larynx (C32),0,N/A,270
Total,Malignant neoplasm of larynx (C32),163,1.0,273
Female,Malignant neoplasms of trachea bronchus and lung (C33-C34),2564,29.4,276
Male,Malignant neoplasms of trachea bronchus and lung (C33-C34),3089,43.8,279
Unknown,Malignant neoplasms of trachea bronchus and lung (C33-C34),0,N/A,282
Total,Malignant neoplasms of trachea bronchus and lung (C33-C34),5653,35.7,285
Female,Malignant melanoma of skin (C43),109,1.4,288
Male,Malignant melanoma of skin (C43),245,3.7,291
Unknown,Malignant melanoma of skin (C43),0,N/A,294
Total,Malignant melanoma of skin (C43),354,2.4,297
Female,Malignant neoplasm of breast (C50),1499,18.2,300
Male,Malignant neoplasm of breast (C50),20,0.3,303
Unknown,Malignant neoplasm of breast (C50),0,N/A,306
Total,Malignant neoplasm of breast (C50),1519,10.1,309
Female,Malignant neoplasm of cervix uteri (C53),133,2.0,312
Male,Malignant neoplasm of cervix uteri (C53),0,N/A,315
Unknown,Malignant neoplasm of cervix uteri (C53),0,N/A,318
Total,Malignant neoplasm of cervix uteri (C53),133,1.0,321
Female,Malignant neoplasms of corpus uteri and uterus part unspecified (C54-C55),431,4.9,324
Male,Malignant neoplasms of corpus uteri and uterus part unspecified (C54-C55),0,N/A,327
Unknown,Malignant neoplasms of corpus uteri and uterus part unspecified (C54-C55),0,N/A,330
Total,Malignant neoplasms of corpus uteri and uterus part unspecified (C54-C55),431,2.7,333
Female,Malignant neoplasm of ovary (C56),435,5.1,336
Male,Malignant neoplasm of ovary (C56),0,N/A,339
Unknown,Malignant neoplasm of ovary (C56),0,N/A,342
Total,Malignant neoplasm of ovary (C56),435,2.8,345
Female,Malignant neoplasm of prostate (C61),0,N/A,348
Male,Malignant neoplasm of prostate (C61),1101,17.0,351
Unknown,Malignant neoplasm of prostate (C61),0,N/A,354
Total,Malignant neoplasm of prostate (C61),1101,7.0,357
Female,Malignant neoplasms of kidney and renal pelvis (C64-C65),192,2.3,360
Male,Malignant neoplasms of kidney and renal pelvis (C64-C65),354,5.2,363
Unknown,Malignant neoplasms of kidney and renal pelvis (C64-C65),0,N/A,366
Total,Malignant neoplasms of kidney and renal pelvis (C64-C65),546,3.6,369
Female,Malignant neoplasm of bladder (C67),185,2.1,372
Male,Malignant neoplasm of bladder (C67),506,7.8,375
Unknown,Malignant neoplasm of bladder (C67),0,N/A,378
Total,Malignant neoplasm of bladder (C67),691,4.4,381
Female,Malignant neoplasms of meninges brain and other parts of central nervous system (C70-C72),250,3.2,384
Male,Malignant neoplasms of meninges brain and other parts of central nervous system (C70-C72),363,5.4,387
Unknown,Malignant neoplasms of meninges brain and other parts of central nervous system (C70-C72),0,N/A,390
Total,Malignant neoplasms of meninges brain and other parts of central nervous system (C70-C72),613,4.2,393
Female,Hodgkin's disease (C81),13,0.1,396
Male,Hodgkin's disease (C81),25,0.4,399
Unknown,Hodgkin's disease (C81),0,N/A,402
Total,Hodgkin's disease (C81),38,0.3,405
Female,Non-Hodgkin's lymphoma (C82-C85),314,3.6,408
Male,Non-Hodgkin's lymphoma (C82-C85),447,6.8,411
Unknown,Non-Hodgkin's lymphoma (C82-C85),0,N/A,414
Total,Non-Hodgkin's lymphoma (C82-C85),761,4.9,417
Female,Leukemia (C91-C95),408,4.8,420
Male,Leukemia (C91-C95),476,7.3,423
Unknown,Leukemia (C91-C95),0,N/A,426
Total,Leukemia (C91-C95),884,5.9,429
Female,Multiple myeloma and immunoproliferative neoplasms (C88C90),226,2.6,432
Male,Multiple myeloma and immunoproliferative neoplasms (C88C90),269,3.9,435
Unknown,Multiple myeloma and immunoproliferative neoplasms (C88C90),0,N/A,438
Total,Multiple myeloma and immunoproliferative neoplasms (C88C90),495,3.2,441
Female,Other and unspecified malignant neoplasms of lymphoid hematopoietic and related tissue (C96),1,N/A,444
Male,Other and unspecified malignant neoplasms of lymphoid hematopoietic and related tissue (C96),0,N/A,447
Unknown,Other and unspecified malignant neoplasms of lymphoid hematopoietic and related tissue (C96),0,N/A,450
Total,Other and unspecified malignant neoplasms of lymphoid hematopoietic and related tissue (C96),1,N/A,453
Female,All other and unspecified malignant neoplasms (C17C23-C24C26-C31C37-C41C44-C49C51-C52C57-C60C62-C63C66C68-C69C73-C80C97),1315,15.3,456
Male,All other and unspecified malignant neoplasms (C17C23-C24C26-C31C37-C41C44-C49C51-C52C57-C60C62-C63C66C68-C69C73-C80C97),1442,21.7,459
Unknown,All other and unspecified malignant neoplasms (C17C23-C24C26-C31C37-C41C44-C49C51-C52C57-C60C62-C63C66C68-C69C73-C80C97),0,N/A,462
Total,All other and unspecified malignant neoplasms (C17C23-C24C26-C31C37-C41C44-C49C51-C52C57-C60C62-C63C66C68-C69C73-C80C97),2757,18.0,465
Female,In situ neoplasms benign neoplasms and neoplasms of uncertain or unknown behavior (D00-D48),306,3.4,468
Male,In situ neoplasms benign neoplasms and neoplasms of uncertain or unknown behavior (D00-D48),303,4.8,471
Unknown,In situ neoplasms benign neoplasms and neoplasms of uncertain or unknown behavior (D00-D48),0,N/A,474
Total,In situ neoplasms benign neoplasms and neoplasms of uncertain or unknown behavior (D00-D48),609,4.0,477
Female,Anemias (D50-D64),106,1.2,480
Male,Anemias (D50-D64),88,1.4,483
Unknown,Anemias (D50-D64),0,N/A,486
Total,Anemias (D50-D64),194,1.3,489
Female,Diabetes mellitus (E10-E14),1714,19.8,492
Male,Diabetes mellitus (E10-E14),2119,31.5,495
Unknown,Diabetes mellitus (E10-E14),0,N/A,498
Total,Diabetes mellitus (E10-E14),3833,25.0,501
Female,Malnutrition (E40-E46),360,3.7,504
Male,Malnutrition (E40-E46),192,3.1,507
Unknown,Malnutrition (E40-E46),0,N/A,510
Total,Malnutrition (E40-E46),552,3.5,513
Female,Other nutritional deficiencies (E50-E64),5,N/A,516
Male,Other nutritional deficiencies (E50-E64),3,N/A,519
Unknown,Other nutritional deficiencies (E50-E64),0,N/A,522
Total,Other nutritional deficiencies (E50-E64),8,N/A,525
Female,Meningitis (G00G03),6,N/A,528
Male,Meningitis (G00G03),7,N/A,531
Unknown,Meningitis (G00G03),0,N/A,534
Total,Meningitis (G00G03),13,0.1,537
Female,Parkinson's disease (G20-G21),617,6.8,540
Male,Parkinson's disease (G20-G21),884,14.5,543
Unknown,Parkinson's disease (G20-G21),0,N/A,546
Total,Parkinson's disease (G20-G21),1501,9.9,549
Female,Alzheimer's disease (G30),3726,38.4,552
Male,Alzheimer's disease (G30),1599,27.2,555
Unknown,Alzheimer's disease (G30),0,N/A,558
Total,Alzheimer's disease (G30),5325,34.1,561
Female,Acute rheumatic fever and chronic rheumatic heart diseases (I00-I09),117,1.3,564
Male,Acute rheumatic fever and chronic rheumatic heart diseases (I00-I09),49,0.8,567
Unknown,Acute rheumatic fever and chronic rheumatic heart diseases (I00-I09),0,N/A,570
Total,Acute rheumatic fever and chronic rheumatic heart diseases (I00-I09),166,1.1,573
Female,Hypertensive heart disease (I11),1021,11.2,576
Male,Hypertensive heart disease (I11),966,14.7,579
Unknown,Hypertensive heart disease (I11),0,N/A,582
Total,Hypertensive heart disease (I11),1987,13.1,585
Female,Hypertensive heart and renal disease (I13),213,2.3,588
Male,Hypertensive heart and renal disease (I13),186,3.0,591
Unknown,Hypertensive heart and renal disease (I13),0,N/A,594
Total,Hypertensive heart and renal disease (I13),399,2.6,597
Female,Acute myocardial infarction (I21-I22),1616,18.1,600
Male,Acute myocardial infarction (I21-I22),2362,35.1,603
Unknown,Acute myocardial infarction (I21-I22),0,N/A,606
Total,Acute myocardial infarction (I21-I22),3978,25.8,609
Female,Other acute ischemic heart diseases (I24),86,1.0,612
Male,Other acute ischemic heart diseases (I24),103,1.5,615
Unknown,Other acute ischemic heart diseases (I24),0,N/A,618
Total,Other acute ischemic heart diseases (I24),189,1.2,621
Female,Atherosclerotic cardiovascular disease so described (I25.0),856,9.6,624
Male,Atherosclerotic cardiovascular disease so described (I25.0),1605,23.4,627
Unknown,Atherosclerotic cardiovascular disease so described (I25.0),0,N/A,630
Total,Atherosclerotic cardiovascular disease so described (I25.0),2461,16.0,633
Female,All other forms of chronic ischemic heart disease (I20I25.1-I25.9),3251,34.8,636
Male,All other forms of chronic ischemic heart disease (I20I25.1-I25.9),4379,68.1,639
Unknown,All other forms of chronic ischemic heart disease (I20I25.1-I25.9),0,N/A,642
Total,All other forms of chronic ischemic heart disease (I20I25.1-I25.9),7630,48.9,645
Female,Acute and subacute endocarditis (I33),31,0.5,648
Male,Acute and subacute endocarditis (I33),51,0.8,651
Unknown,Acute and subacute endocarditis (I33),0,N/A,654
Total,Acute and subacute endocarditis (I33),82,0.6,657
Female,Diseases of pericardium and acute myocarditis (I30-I31I40),18,0.2,660
Male,Diseases of pericardium and acute myocarditis (I30-I31I40),22,0.4,663
Unknown,Diseases of pericardium and acute myocarditis (I30-I31I40),0,N/A,666
Total,Diseases of pericardium and acute myocarditis (I30-I31I40),40,0.3,669
Female,Heart failure (I50),1985,20.9,672
Male,Heart failure (I50),1685,27.2,675
Unknown,Heart failure (I50),0,N/A,678
Total,Heart failure (I50),3670,23.5,681
Female,All other forms of heart disease (I26-I28I34-I38I42-I49I51),3372,38.0,684
Male,All other forms of heart disease (I26-I28I34-I38I42-I49I51),3189,49.3,687
Unknown,All other forms of heart disease (I26-I28I34-I38I42-I49I51),0,N/A,690
Total,All other forms of heart disease (I26-I28I34-I38I42-I49I51),6561,43.0,693
Female,Essential (primary) hypertension and hypertensive renal disease (I10I12I15),785,8.5,696
Male,Essential (primary) hypertension and hypertensive renal disease (I10I12I15),616,9.5,699
Unknown,Essential (primary) hypertension and hypertensive renal disease (I10I12I15),0,N/A,702
Total,Essential (primary) hypertension and hypertensive renal disease (I10I12I15),1401,9.1,705
Female,Cerebrovascular diseases (I60-I69),3661,39.5,708
Male,Cerebrovascular diseases (I60-I69),2675,42.3,711
Unknown,Cerebrovascular diseases (I60-I69),0,N/A,714
Total,Cerebrovascular diseases (I60-I69),6336,41.0,717
Female,Atherosclerosis (I70),101,1.0,720
Male,Atherosclerosis (I70),81,1.3,723
Unknown,Atherosclerosis (I70),0,N/A,726
Total,Atherosclerosis (I70),182,1.1,729
Female,Aortic aneurysm and dissection (I71),161,1.8,732
Male,Aortic aneurysm and dissection (I71),227,3.5,735
Unknown,Aortic aneurysm and dissection (I71),0,N/A,738
Total,Aortic aneurysm and dissection (I71),388,2.6,741
Female,Other diseases of arteries arterioles and capillaries (I72-I78),207,2.3,744
Male,Other diseases of arteries arterioles and capillaries (I72-I78),231,3.5,747
Unknown,Other diseases of arteries arterioles and capillaries (I72-I78),0,N/A,750
Total,Other diseases of arteries arterioles and capillaries (I72-I78),438,2.8,753
Female,Other disorders of circulatory system (I80-I99),63,0.9,756
Male,Other disorders of circulatory system (I80-I99),91,1.5,759
Unknown,Other disorders of circulatory system (I80-I99),0,N/A,762
Total,Other disorders of circulatory system (I80-I99),154,1.1,765
Female,Influenza (J09-J11),117,1.5,768
Male,Influenza (J09-J11),113,1.7,771
Unknown,Influenza (J09-J11),0,N/A,774
Total,Influenza (J09-J11),230,1.6,777
Female,Pneumonia (J12-J18),769,8.6,780
Male,Pneumonia (J12-J18),827,12.9,783
Unknown,Pneumonia (J12-J18),0,N/A,786
Total,Pneumonia (J12-J18),1596,10.4,789
Female,Acute bronchitis and bronchiolitis (J20-J21),3,N/A,792
Male,Acute bronchitis and bronchiolitis (J20-J21),5,N/A,795
Unknown,Acute bronchitis and bronchiolitis (J20-J21),0,N/A,798
Total,Acute bronchitis and bronchiolitis (J20-J21),8,N/A,801
Female,Unspecified acute lower respiratory infection (J22U049U071),4019,44.0,804
Male,Unspecified acute lower respiratory infection (J22U049U071),4460,69.7,807
Unknown,Unspecified acute lower respiratory infection (J22U049U071),0,N/A,810
Total,Unspecified acute lower respiratory infection (J22U049U071),8479,54.9,813
Female,Bronchitis chronic and unspecified (J40-J42),11,0.1,816
Male,Bronchitis chronic and unspecified (J40-J42),6,N/A,819
Unknown,Bronchitis chronic and unspecified (J40-J42),0,N/A,822
Total,Bronchitis chronic and unspecified (J40-J42),17,0.1,825
Female,Emphysema (J43),169,1.8,828
Male,Emphysema (J43),195,2.9,831
Unknown,Emphysema (J43),0,N/A,834
Total,Emphysema (J43),364,2.3,837
Female,Asthma (J45-J46),63,0.9,840
Male,Asthma (J45-J46),56,0.9,843
Unknown,Asthma (J45-J46),0,N/A,846
Total,Asthma (J45-J46),119,0.9,849
Female,Other chronic lower respiratory diseases (J44J47),3086,34.6,852
Male,Other chronic lower respiratory diseases (J44J47),2771,41.3,855
Unknown,Other chronic lower respiratory diseases (J44J47),0,N/A,858
Total,Other chronic lower respiratory diseases (J44J47),5857,37.4,861
Female,Pneumoconioses and chemical effects (J60-J66J68),0,N/A,864
Male,Pneumoconioses and chemical effects (J60-J66J68),21,0.3,867
Unknown,Pneumoconioses and chemical effects (J60-J66J68),0,N/A,870
Total,Pneumoconioses and chemical effects (J60-J66J68),21,0.1,873
Female,Pneumonitis due to solids and liquids (J69),325,3.5,876
Male,Pneumonitis due to solids and liquids (J69),437,7.0,879
Unknown,Pneumonitis due to solids and liquids (J69),0,N/A,882
Total,Pneumonitis due to solids and liquids (J69),762,4.9,885
Female,Other diseases of respiratory system (J00-J06J30-J39J67J70-J98),954,10.9,888
Male,Other diseases of respiratory system (J00-J06J30-J39J67J70-J98),979,15.2,891
Unknown,Other diseases of respiratory system (J00-J06J30-J39J67J70-J98),0,N/A,894
Total,Other diseases of respiratory system (J00-J06J30-J39J67J70-J98),1933,12.7,897
Female,Peptic ulcer (K25-K28),67,0.8,900
Male,Peptic ulcer (K25-K28),63,0.9,903
Unknown,Peptic ulcer (K25-K28),0,N/A,906
Total,Peptic ulcer (K25-K28),130,0.9,909
Female,Diseases of appendix (K35-K38),2,N/A,912
Male,Diseases of appendix (K35-K38),7,N/A,915
Unknown,Diseases of appendix (K35-K38),0,N/A,918
Total,Diseases of appendix (K35-K38),9,N/A,921
Female,Hernia (K40-K46),35,0.4,924
Male,Hernia (K40-K46),24,0.4,927
Unknown,Hernia (K40-K46),0,N/A,930
Total,Hernia (K40-K46),59,0.4,933
Female,Alcoholic liver disease (K70),258,3.8,936
Male,Alcoholic liver disease (K70),556,8.1,939
Unknown,Alcoholic liver disease (K70),0,N/A,942
Total,Alcoholic liver disease (K70),814,5.8,945
Female,Other chronic liver disease and cirrhosis (K73-K74),350,4.4,948
Male,Other chronic liver disease and cirrhosis (K73-K74),415,6.0,951
Unknown,Other chronic liver disease and cirrhosis (K73-K74),0,N/A,954
Total,Other chronic liver disease and cirrhosis (K73-K74),765,5.1,957
Female,Cholelithiasis and other disorders of gallbladder (K80-K82),73,0.8,960
Male,Cholelithiasis and other disorders of gallbladder (K80-K82),57,0.9,963
Unknown,Cholelithiasis and other disorders of gallbladder (K80-K82),0,N/A,966
Total,Cholelithiasis and other disorders of gallbladder (K80-K82),130,0.8,969
Female,Acute and rapidly progressive nephritic and nephrotic syndrome (N00-N01N04),10,0.1,972
Male,Acute and rapidly progressive nephritic and nephrotic syndrome (N00-N01N04),16,0.3,975
Unknown,Acute and rapidly progressive nephritic and nephrotic syndrome (N00-N01N04),0,N/A,978
Total,Acute and rapidly progressive nephritic and nephrotic syndrome (N00-N01N04),26,0.2,981
Female,Chronic glomerulonephritis nephritis and nephritis not specified as acute or chronicand renal sclerosis unspecified (N02-N03N05-N07N26),7,N/A,984
Male,Chronic glomerulonephritis nephritis and nephritis not specified as acute or chronicand renal sclerosis unspecified (N02-N03N05-N07N26),3,N/A,987
Unknown,Chronic glomerulonephritis nephritis and nephritis not specified as acute or chronicand renal sclerosis unspecified (N02-N03N05-N07N26),0,N/A,990
Total,Chronic glomerulonephritis nephritis and nephritis not specified as acute or chronicand renal sclerosis unspecified (N02-N03N05-N07N26),10,0.1,993
Female,Renal failure (N17-N19),987,11.0,996
Male,Renal failure (N17-N19),937,14.5,999
Unknown,Renal failure (N17-N19),0,N/A,1002
Total,Renal failure (N17-N19),1924,12.4,1005
Female,Other disorders of kidney (N25N27),0,N/A,1008
Male,Other disorders of kidney (N25N27),0,N/A,1011
Unknown,Other disorders of kidney (N25N27),0,N/A,1014
Total,Other disorders of kidney (N25N27),0,N/A,1017
Female,Infections of kidney (N10-N12N13.6N15.1),20,0.3,1020
Male,Infections of kidney (N10-N12N13.6N15.1),17,0.2,1023
Unknown,Infections of kidney (N10-N12N13.6N15.1),0,N/A,1026
Total,Infections of kidney (N10-N12N13.6N15.1),37,0.2,1029
Female,Hyperplasia of prostate (N40),0,N/A,1032
Male,Hyperplasia of prostate (N40),19,0.3,1035
Unknown,Hyperplasia of prostate (N40),0,N/A,1038
Total,Hyperplasia of prostate (N40),19,0.1,1041
Female,Inflammatory diseases of female pelvic organs (N70-N76),8,N/A,1044
Male,Inflammatory diseases of female pelvic organs (N70-N76),0,N/A,1047
Unknown,Inflammatory diseases of female pelvic organs (N70-N76),0,N/A,1050
Total,Inflammatory diseases of female pelvic organs (N70-N76),8,N/A,1053
Female,Pregnancy with abortive outcome (O00-O07),0,N/A,1056
Male,Pregnancy with abortive outcome (O00-O07),0,N/A,1059
Unknown,Pregnancy with abortive outcome (O00-O07),0,N/A,1062
Total,Pregnancy with abortive outcome (O00-O07),0,N/A,1065
Female,Other complications of pregnancy childbirth and the puerperium (O10-O99),22,0.4,1068
Male,Other complications of pregnancy childbirth and the puerperium (O10-O99),0,N/A,1071
Unknown,Other complications of pregnancy childbirth and the puerperium (O10-O99),0,N/A,1074
Total,Other complications of pregnancy childbirth and the puerperium (O10-O99),22,0.2,1077
Female,Certain conditions originating in the perinatal period (P00-P96),156,3.3,1080
Male,Certain conditions originating in the perinatal period (P00-P96),210,4.2,1083
Unknown,Certain conditions originating in the perinatal period (P00-P96),1,N/A,1086
Total,Certain conditions originating in the perinatal period (P00-P96),367,3.8,1089
Female,Congenital malformations deformations and chromosomal abnormalities (Q00-Q99),185,3.2,1092
Male,Congenital malformations deformations and chromosomal abnormalities (Q00-Q99),168,3.0,1095
Unknown,Congenital malformations deformations and chromosomal abnormalities (Q00-Q99),0,N/A,1098
Total,Congenital malformations deformations and chromosomal abnormalities (Q00-Q99),353,3.1,1101
Female,Symptoms signs and abnormal clinical and laboratory findings not elsewhere classified (R00-R99),6407,75.7,1104
Male,Symptoms signs and abnormal clinical and laboratory findings not elsewhere classified (R00-R99),7081,112.2,1107
Unknown,Symptoms signs and abnormal clinical and laboratory findings not elsewhere classified (R00-R99),0,N/A,1110
Total,Symptoms signs and abnormal clinical and laboratory findings not elsewhere classified (R00-R99),13488,92.7,1113
Female,All other diseases (Residual) (D65-E07E15-E34E65-F99G04-G12G23-G25G31-H93K00-K22K29-K31K50-K66K71-K72K75-K76K83-M99N13.0-N13.5N13.7-N13.9N14N15.0N15.8-N15.9N20-N23N28-N39N41-N64N80-N98),8581,95.3,1116
Male,All other diseases (Residual) (D65-E07E15-E34E65-F99G04-G12G23-G25G31-H93K00-K22K29-K31K50-K66K71-K72K75-K76K83-M99N13.0-N13.5N13.7-N13.9N14N15.0N15.8-N15.9N20-N23N28-N39N41-N64N80-N98),6303,98.7,1119
Unknown,All other diseases (Residual) (D65-E07E15-E34E65-F99G04-G12G23-G25G31-H93K00-K22K29-K31K50-K66K71-K72K75-K76K83-M99N13.0-N13.5N13.7-N13.9N14N15.0N15.8-N15.9N20-N23N28-N39N41-N64N80-N98),0,N/A,1122
Total,All other diseases (Residual) (D65-E07E15-E34E65-F99G04-G12G23-G25G31-H93K00-K22K29-K31K50-K66K71-K72K75-K76K83-M99N13.0-N13.5N13.7-N13.9N14N15.0N15.8-N15.9N20-N23N28-N39N41-N64N80-N98),14884,97.9,1125
Female,Motor vehicle accidents (V02-V04V09.0V09.2V12-V14V19.0-V19.2V19.4-V19.6V20-V79V80.3-V80.5V81.0-V81.1V82.0-V82.1V83-V86V87.0-V87.8V88.0-V88.8V89.0V89.2),317,5.2,1128
Male,Motor vehicle accidents (V02-V04V09.0V09.2V12-V14V19.0-V19.2V19.4-V19.6V20-V79V80.3-V80.5V81.0-V81.1V82.0-V82.1V83-V86V87.0-V87.8V88.0-V88.8V89.0V89.2),760,13.1,1131
Unknown,Motor vehicle accidents (V02-V04V09.0V09.2V12-V14V19.0-V19.2V19.4-V19.6V20-V79V80.3-V80.5V81.0-V81.1V82.0-V82.1V83-V86V87.0-V87.8V88.0-V88.8V89.0V89.2),0,N/A,1134
Total,Motor vehicle accidents (V02-V04V09.0V09.2V12-V14V19.0-V19.2V19.4-V19.6V20-V79V80.3-V80.5V81.0-V81.1V82.0-V82.1V83-V86V87.0-V87.8V88.0-V88.8V89.0V89.2),1077,9.1,1137
Female,Other land transport accidents (V01V05-V06V09.1V09.3-V09.9V10-V11V15-V18V19.3V19.8-V19.9V80.0-V80.2V80.6-V80.9V81.2-V81.9V82.2-V82.9V87.9V88.9V89.1V89.3V89.9),4,N/A,1140
Male,Other land transport accidents (V01V05-V06V09.1V09.3-V09.9V10-V11V15-V18V19.3V19.8-V19.9V80.0-V80.2V80.6-V80.9V81.2-V81.9V82.2-V82.9V87.9V88.9V89.1V89.3V89.9),18,0.3,1143
Unknown,Other land transport accidents (V01V05-V06V09.1V09.3-V09.9V10-V11V15-V18V19.3V19.8-V19.9V80.0-V80.2V80.6-V80.9V81.2-V81.9V82.2-V82.9V87.9V88.9V89.1V89.3V89.9),0,N/A,1146
Total,Other land transport accidents (V01V05-V06V09.1V09.3-V09.9V10-V11V15-V18V19.3V19.8-V19.9V80.0-V80.2V80.6-V80.9V81.2-V81.9V82.2-V82.9V87.9V88.9V89.1V89.3V89.9),22,0.2,1149
Female,Water air and space and other and unspecified transport accidents and their sequelae (V90-V99Y85),6,N/A,1152
Male,Water air and space and other and unspecified transport accidents and their sequelae (V90-V99Y85),30,0.5,1155
Unknown,Water air and space and other and unspecified transport accidents and their sequelae (V90-V99Y85),0,N/A,1158
Total,Water air and space and other and unspecified transport accidents and their sequelae (V90-V99Y85),36,0.3,1161
Female,Falls (W00-W19),776,8.3,1164
Male,Falls (W00-W19),713,11.5,1167
Unknown,Falls (W00-W19),0,N/A,1170
Total,Falls (W00-W19),1489,9.7,1173
Female,Accidental discharge of firearms (W32-W34),3,N/A,1176
Male,Accidental discharge of firearms (W32-W34),10,0.2,1179
Unknown,Accidental discharge of firearms (W32-W34),0,N/A,1182
Total,Accidental discharge of firearms (W32-W34),13,0.1,1185
Female,Accidental drowning and submersion (W65-W74),37,0.6,1188
Male,Accidental drowning and submersion (W65-W74),84,1.5,1191
Unknown,Accidental drowning and submersion (W65-W74),0,N/A,1194
Total,Accidental drowning and submersion (W65-W74),121,1.0,1197
Female,Accidental exposure to smoke fire and flames (X00-X09),34,0.5,1200
Male,Accidental exposure to smoke fire and flames (X00-X09),48,0.7,1203
Unknown,Accidental exposure to smoke fire and flames (X00-X09),0,N/A,1206
Total,Accidental exposure to smoke fire and flames (X00-X09),82,0.6,1209
Female,Accidental poisoning and exposure to noxious substances (X40-X49),1284,23.2,1212
Male,Accidental poisoning and exposure to noxious substances (X40-X49),2759,50.2,1215
Unknown,Accidental poisoning and exposure to noxious substances (X40-X49),0,N/A,1218
Total,Accidental poisoning and exposure to noxious substances (X40-X49),4043,36.6,1221
Female,Other and unspecified nontransport accidents and their sequelae (W20-W31W35-W64W75-W99X10-X39X50-X59Y86),305,3.8,1224
Male,Other and unspecified nontransport accidents and their sequelae (W20-W31W35-W64W75-W99X10-X39X50-X59Y86),401,6.5,1227
Unknown,Other and unspecified nontransport accidents and their sequelae (W20-W31W35-W64W75-W99X10-X39X50-X59Y86),0,N/A,1230
Total,Other and unspecified nontransport accidents and their sequelae (W20-W31W35-W64W75-W99X10-X39X50-X59Y86),706,5.1,1233
Female,Intentional self-harm (suicide) by discharge of firearms (X72-X74),93,1.5,1236
Male,Intentional self-harm (suicide) by discharge of firearms (X72-X74),719,12.0,1239
Unknown,Intentional self-harm (suicide) by discharge of firearms (X72-X74),0,N/A,1242
Total,Intentional self-harm (suicide) by discharge of firearms (X72-X74),812,6.5,1245
Female,Intentional self-harm (suicide) by other and unspecified means and their sequelae (*U03X60-X71X75-X84Y87.0),171,2.8,1248
Male,Intentional self-harm (suicide) by other and unspecified means and their sequelae (*U03X60-X71X75-X84Y87.0),455,8.2,1251
Unknown,Intentional self-harm (suicide) by other and unspecified means and their sequelae (*U03X60-X71X75-X84Y87.0),0,N/A,1254
Total,Intentional self-harm (suicide) by other and unspecified means and their sequelae (*U03X60-X71X75-X84Y87.0),626,5.5,1257
Female,Assault (homicide) by discharge of firearms (*U01.4X93-X95),117,2.1,1260
Male,Assault (homicide) by discharge of firearms (*U01.4X93-X95),555,10.2,1263
Unknown,Assault (homicide) by discharge of firearms (*U01.4X93-X95),0,N/A,1266
Total,Assault (homicide) by discharge of firearms (*U01.4X93-X95),672,6.2,1269
Female,Assault (homicide) by other and unspecified means and their sequelae (*U01.0-*U01.3*U01.5-*U01.9*U02X85-X92X96-Y09Y87.1),43,0.8,1272
Male,Assault (homicide) by other and unspecified means and their sequelae (*U01.0-*U01.3*U01.5-*U01.9*U02X85-X92X96-Y09Y87.1),85,1.4,1275
Unknown,Assault (homicide) by other and unspecified means and their sequelae (*U01.0-*U01.3*U01.5-*U01.9*U02X85-X92X96-Y09Y87.1),0,N/A,1278
Total,Assault (homicide) by other and unspecified means and their sequelae (*U01.0-*U01.3*U01.5-*U01.9*U02X85-X92X96-Y09Y87.1),128,1.1,1281
Female,Legal intervention (Y35Y89.0),0,N/A,1284
Male,Legal intervention (Y35Y89.0),9,N/A,1287
Unknown,Legal intervention (Y35Y89.0),0,N/A,1290
Total,Legal intervention (Y35Y89.0),9,N/A,1293
Female,Discharge of firearms undetermined intent (Y22-Y24),1,N/A,1296
Male,Discharge of firearms undetermined intent (Y22-Y24),10,0.2,1299
Unknown,Discharge of firearms undetermined intent (Y22-Y24),0,N/A,1302
Total,Discharge of firearms undetermined intent (Y22-Y24),11,0.1,1305
Female,Other and unspecified events of undetermined intent and their sequelae (Y10-Y21Y25-Y34Y87.2Y89.9),21,0.3,1308
Male,Other and unspecified events of undetermined intent and their sequelae (Y10-Y21Y25-Y34Y87.2Y89.9),42,0.8,1311
Unknown,Other and unspecified events of undetermined intent and their sequelae (Y10-Y21Y25-Y34Y87.2Y89.9),0,N/A,1314
Total,Other and unspecified events of undetermined intent and their sequelae (Y10-Y21Y25-Y34Y87.2Y89.9),63,0.5,1317
Female,Operations of war and their sequelae (Y36Y89.1),0,N/A,1320
Male,Operations of war and their sequelae (Y36Y89.1),1,N/A,1323
Unknown,Operations of war and their sequelae (Y36Y89.1),0,N/A,1326
Total,Operations of war and their sequelae (Y36Y89.1),1,N/A,1329
Female,Complications of medical and surgical care (Y40-Y84Y88),109,1.3,1332
Male,Complications of medical and surgical care (Y40-Y84Y88),112,1.7,1335
Unknown,Complications of medical and surgical care (Y40-Y84Y88),0,N/A,1338
Total,Complications of medical and surgical care (Y40-Y84Y88),221,1.5,1341
Female,Total,66265,761.1,1344
Male,Total,69531,1084.5,1347
Unknown,Total,1,N/A,1350
Total,Total,135797,908.0,1353
